{
	"info": {
		"_postman_id": "7695f245-c074-42fa-9c42-08ded868828a",
		"name": "Universitate",
		"schema": "https://schema.getpostman.com/json/collection/v2.1.0/collection.json"
	},
	"item": [
		{
			"name": "bankAccounts",
			"request": {
				"method": "POST",
				"header": [],
				"body": {
					"mode": "raw",
					"raw": "{\r\n    \"accountNumber\" : \"12345678\",\r\n    \"balance\" : 8,\r\n    \"type\" : \"SAVINGS\",\r\n    \"cardNumber\" : \"4567125614895236\"\r\n}",
					"options": {
						"raw": {
							"language": "json"
						}
					}
				},
				"url": {
					"raw": "http://localhost:8080/bankAccounts",
					"protocol": "http",
					"host": [
						"localhost"
					],
					"port": "8080",
					"path": [
						"bankAccounts"
					]
				}
			},
			"response": []
		},
		{
			"name": "bankAccount",
			"request": {
				"method": "GET",
				"header": [],
				"url": {
					"raw": "http://localhost:8080/bankAccounts/918143512",
					"protocol": "http",
					"host": [
						"localhost"
					],
					"port": "8080",
					"path": [
						"bankAccounts",
						"918143512"
					]
				}
			},
			"response": []
		},
		{
			"name": "bankAccounts",
			"request": {
				"method": "GET",
				"header": [],
				"url": {
					"raw": "http://localhost:8080/bankAccounts?type=SAVINGS&balance=7000",
					"protocol": "http",
					"host": [
						"localhost"
					],
					"port": "8080",
					"path": [
						"bankAccounts"
					],
					"query": [
						{
							"key": "type",
							"value": "SAVINGS"
						},
						{
							"key": "balance",
							"value": "7000"
						}
					]
				}
			},
			"response": []
		}
	],
	"protocolProfileBehavior": {}
}